Area,Build_date,Room,Parking,Warehouse,Elevator,Price,Address
95,1402,2,1,1,1,10450000000,"سازمان آب"
183,1401,3,1,1,1,21700000000,ظفر
114,1391,2,1,1,1,12540000000,"سازمان آبخیابان شربیانی (خ. نیلوفر)"
145,1392,3,1,1,1,15000000000,پونک
63,1402,1,1,0,1,4070000000,دیلمان
135,1374,2,1,1,1,18500000000,"شهرک غرب"
122,1387,3,1,1,1,11850000000,"شهرک پرواز"
92,1390,2,1,1,1,12800000000,"گیشا (کوی نصر)"
217,1387,3,1,1,1,26500000000,اختیاریه
60,1389,1,0,1,1,5000000000,"شهران شمالی"
65,1385,2,1,1,0,6050000000,"باغ فیضخیابان نیک زارع (خ. بیست و دو بهمن)"
260,1390,3,1,1,1,47000000000,نیاوران
160,1392,3,1,1,1,32000000000,الهیه
65,1382,1,0,1,0,3300000000,"ابوذر (منطقه ۱۵)"
110,1401,2,1,1,1,3300000000,"مبارک‌آباد بهشتی"
54,1386,1,1,1,1,6200000000,"کوی فردوسبلوار شقایق مرکزی (بزرگراه حکیم)"
78,1390,2,1,1,1,8100000000,"المهدیکوچه المهدی (کوچه المهدی)"
70,1388,2,1,1,1,6900000000,پونک
121,1401,2,1,1,1,18150000000,هروی
124,1402,2,1,1,1,16740000000,"دریاچه شهدای خلیج فارس"
77,1399,2,1,1,1,8900000000,"کوی فردوس"
173,1401,3,1,1,1,28000000000,قیطریه
43,1387,1,1,1,1,5000000000,"جنت‌آباد جنوبی"
45,1386,1,1,1,0,2350000000,آذربایجان
260,1401,3,1,1,1,56000000000,"نیاورانکوچه بوکان"
49,1390,1,0,1,0,3200000000,سلسبیل
76,1395,2,1,1,1,2180000000,"اندیشه (شهر زیبا)"
190,1383,3,1,1,1,40000000000,اکباتان
135,1370,3,0,0,1,14500000000,اکباتان
146,1370,3,1,1,1,13500000000,اکباتان
60,1370,1,0,0,1,8700000000,اکباتان
178,1370,4,1,1,1,20000000000,اکباتان
170,1370,3,1,1,1,14000000000,اکباتان
188,1370,4,0,0,1,17000000000,اکباتان
141,1370,3,0,0,1,15000000000,اکباتان
175,1390,3,1,1,1,20000000000,اکباتان
80,1388,2,1,1,1,10500000000,پونک
45,1381,1,0,1,0,2470000000,"شارق شرقی"
82,1402,2,1,1,1,12300000000,جلفا
99,1389,2,1,0,1,4300000000,فلاح
43,1391,1,0,0,0,1920000000,زمزم
64,1394,2,0,0,0,2880000000,طوس
148,1401,3,1,1,1,9500000000,فلاح
40,1391,1,0,0,0,2160000000,"امامزاده حسن(ع)"
93,1394,2,1,1,1,4200000000,فلاح
61,1386,1,0,0,0,2840000000,"امام سجاد(ع)"
57,1393,1,0,0,0,2600000000,فلاح
58,1394,1,1,0,0,2970000000,جلیلی
229,1397,3,1,1,1,43500000000,کامرانیه
80,1398,2,1,1,1,12450000000,"شهرک غرب"
151,1390,2,1,1,1,24300000000,"شهرک غرب"
78,1384,2,0,1,1,5400000000,"میدان ولیعصر"
152,1398,3,1,1,1,30400000000,نیاوران
300,1388,4,1,1,1,110000000000,الهیه
136,1393,3,1,1,1,14000000000,"جنت‌آباد جنوبیکوچه لاله یکم (بلوار آیت الله کاشانی)"
93,1390,2,1,1,1,13500000000,سعادت‌آباد
180,1401,3,1,1,1,22000000000,پاسداران
94,1402,2,1,1,1,6770000000,تهران‌سر
160,1392,3,1,1,1,18500000000,"سازمان برنامه"
107,1399,2,1,1,1,12300000000,"جنت‌آباد مرکزی"
74,1382,2,1,1,0,3740000000,سلسبیل
105,1379,2,1,1,1,14500000000,"سعادت‌آبادخیابان علامه طباطبایی جنوبی (بلوار فرهنگ)"
48,1397,1,1,1,1,4350000000,"تهرانپارس شرقی"
128,1387,3,1,1,1,15400000000,پونک
82,1401,2,0,1,1,2100000000,"شهرک ابوذر"
75,1385,2,0,1,0,5500000000,"باغ فیض"
60,1387,2,1,1,1,6050000000,"کوی فردوس"
76,1394,2,1,0,1,4450000000,آهنگ
78,1387,2,1,1,1,7500000000,"صادقیهبلوار اباذر (بزرگراه حکیم)"
118,1401,3,1,1,1,12500000000,آهنگ
130,1402,3,1,1,1,16900000000,جلفا
124,1396,3,1,1,1,11500000000,"جنت‌آباد مرکزی"
115,1395,2,1,1,1,12000000000,"جنت‌آباد مرکزی"
100,1400,2,1,1,1,9500000000,"تهرانپارس غربی"
140,1402,3,1,1,1,13000000000,"شهرک راه‌آهن"
132,1402,3,1,1,1,12800000000,"دریاچه شهدای خلیج فارس"
125,1401,3,1,1,1,16000000000,صادقیه
92,1395,2,1,1,1,8900000000,"جنت‌آباد مرکزی"
85,1397,2,1,1,1,5400000000,جیحون
131,1402,2,1,1,1,15600000000,هروی
118,1402,2,1,1,1,15340000000,دروس
81,1402,2,1,1,1,10100000000,"جنت‌آباد مرکزی"
52,1392,1,1,1,1,3090000000,مخصوص
105,1389,2,1,1,1,11200000000,"سازمان برنامه"
68,1396,2,0,1,1,2040000000,دیلمان
140,1401,3,1,1,1,18900000000,سیدخندان
126,1401,3,1,1,1,17640000000,سیدخندان
140,1401,3,1,1,1,13300000000,شادمهر
101,1400,2,1,1,1,13000000000,مرزداران
117,1401,2,1,1,1,15210000000,هروی
174,1401,3,1,1,1,20880000000,فرمانیه
110,1395,2,1,1,1,11200000000,"جنت‌آباد جنوبی"
330,1401,4,1,1,1,75900000000,نیاوران
74,1388,2,1,1,0,7950000000,"پونکبلوار فلاح زاده (همیلا) (بلوار میرزابابایی)"
50,1402,1,1,0,1,4500000000,کرمان
68,1401,2,1,1,1,4500000000,"شهرک سینمایی"
110,1397,2,1,1,1,13500000000,پونک
110,1400,3,1,1,1,2750000000,"مبارک‌آباد بهشتی"
171,1385,3,1,1,1,14500000000,"شهر زیبا"
45,1387,1,0,1,0,2050000000,"فلاحمیدان مقدم"
67,1386,2,1,1,1,4200000000,سلسبیل
100,1370,3,1,1,0,25300000000,مرزداران
360,1399,4,1,1,1,85000000000,الهیه
100,1394,2,1,1,1,7350000000,"دهکده المپیک"
110,1376,2,1,1,0,6160000000,حکیمیه
51,1389,1,1,1,0,3100000000,جیحون
255,1380,4,1,1,1,34500000000,سعادت‌آباد
117,1388,2,1,1,1,11300000000,"سازمان برنامهخیابان ورزی شمالی (بلوار ناصر حجازی)"
80,1383,2,1,1,1,10000000000,مرزداران
49,1393,1,0,1,0,2750000000,سبلان
132,1400,3,1,1,1,10300000000,تهران‌سر
74,1370,1,1,1,1,11500000000,اکباتان
53,1399,4,0,1,1,3550000000,جیحون
75,1385,2,1,1,1,5500000000,"آذربایجانمیدان جمهوری اسلامی (خیابان توحید)"
144,1400,3,1,1,1,17800000000,هروی
120,1401,2,1,1,1,3060000000,کوهک
92,1384,2,1,1,1,8600000000,اباذر
120,1396,2,1,1,1,9954000000,"دریاچه شهدای خلیج فارس"
75,1376,2,0,1,1,4100000000,بهار
120,1401,3,1,1,1,3200000000,"مبارک‌آباد بهشتی"
72,1380,2,0,1,0,5850000000,"شهرک پرواز"
80,1402,2,1,1,1,11000000000,"مرزدارانخیابان بیدکی (ب. اشرفی اصفهانی)"
120,1402,2,1,1,1,19500000000,ولنجک
196,1396,3,1,1,1,22900000000,اختیاریه
85,1401,2,1,1,1,15300000000,اختیاریه
72,1387,2,0,1,0,7700000000,"پونکبلوار فلاح زاده (همیلا) (بلوار میرزابابایی)"
60,1393,1,1,0,1,3500000000,"شهرک ولیعصر"
122,1401,2,1,1,1,16000000000,"یوسف‌آبادخیابان بیستون (خ. دکتر فاطمی)"
252,1390,2,1,1,0,11400000000,نواب
12,1384,0,1,0,1,550000000,سوهانک
75,1401,2,0,1,1,2150000000,هاشم‌آباد
82,1383,2,1,1,1,11000000000,"شهرک ژاندارمری"
100,1402,2,1,1,1,12000000000,"شهرک نفت (منطقه ۵)"
275,1398,4,1,1,1,49500000000,پاسداران
320,1399,4,1,1,1,64000000000,دروس
250,1401,3,1,1,1,60000000000,دروس
220,1401,3,1,1,1,60000000000,دروس
95,1377,2,1,1,1,7500000000,مرزداران
93,1396,2,1,1,1,9600000000,"شهران شمالی"
98,1399,2,1,1,1,10300000000,"جنت‌آباد مرکزی"
112,1399,2,1,1,1,11150000000,"جنت‌آباد مرکزی"
120,1401,2,1,1,1,9000000000,"سلسبیلخیابان رودکی شمالی (خیابان رودکی جنوبی)"
75,1386,2,1,1,1,7850000000,"جنت‌آباد جنوبی"
130,1392,3,1,1,1,16510000000,"سعادت‌آبادبلوار ذبیحی"
66,1393,1,1,1,1,2300000000,یافت‌آباد
73,1380,2,1,1,1,7100000000,"کوی فردوس"
150,1399,3,1,1,1,21000000000,پونک
46,1402,1,1,1,1,3250000000,"مهرآباد جنوبی"
103,1398,2,1,1,1,11300000000,"کوی فردوسخیابان بهار جنوبی (خ. طالقانی)"
98,1383,2,0,1,0,3650000000,سلسبیل
110,1399,2,1,1,1,20980000000,"کوی مهران"
165,1401,2,1,1,1,31500000000,پاسداران
42,1384,1,0,1,0,2750000000,مجیدیه
115,1387,3,1,1,0,8500000000,پونک
68,1391,2,1,0,1,3650000000,آذری
92,1382,2,1,1,1,4200000000,بریانک
64,1383,1,1,1,1,5500000000,صادقیه
40,1395,1,0,1,0,2700000000,جیحون
127,1401,0,1,1,1,5700000000,چیتگر
20,1401,0,1,1,1,605000000,چیتگر
51,1390,2,1,1,0,3500000000,جیحون
140,1396,3,1,1,1,16700000000,"میردامادخیابان نفت شمالی (خ. ظفر)"
54,1395,1,0,1,1,3605000000,زنجان
47,1382,1,0,1,0,2400000000,آذری
100,1402,2,1,1,1,7800000000,"دهکده المپیک"
138,1401,3,1,1,1,15000000000,طرشت
286,1390,3,1,1,1,105000000000,الهیه
111,1395,2,1,1,1,8900000000,منیریه
150,1401,3,1,1,1,21000000000,"سازمان برنامه"
117,1397,3,1,1,1,9711000000,حکیمیه
74,1390,2,1,1,1,7100000000,"کوی فردوس"
132,1374,2,0,1,0,4700000000,"استاد معین"
40,1383,1,1,1,1,3150000000,"نظام‌آبادکوچه محمد حسینی"
112,1401,2,1,1,1,1680000000,"اندیشه (شهر زیبا)"
111,1401,2,1,1,1,1443000000,یافت‌آباد
107,1401,3,1,1,1,1500000000,زیبادشت
58,1383,1,0,1,0,2800000000,آذری
138,1393,3,1,1,1,15900000000,"جنت‌آباد جنوبی"
85,1382,2,1,1,0,6500000000,"شهران جنوبی"
54,1390,1,0,1,0,3300000000,آذربایجان
52,1390,1,0,1,0,3300000000,"دکتر هوشیار"
91,1390,2,1,1,1,10400000000,"جنت‌آباد جنوبی"
78,1397,2,1,1,1,8500000000,"کوی فردوس"
75,1383,2,1,1,1,7100000000,"کوی فردوس"
150,1398,3,1,1,1,15200000000,"جنت‌آباد مرکزی"
137,1399,3,1,1,1,16200000000,"پونکبلوار فلاح زاده (همیلا) (بلوار میرزابابایی)"
90,1390,2,1,1,1,7000000000,صادقیه
155,1391,3,1,1,1,17680000000,"جنت‌آباد مرکزی"
142,1402,3,1,1,1,21500000000,سعادت‌آباد
120,1401,2,1,1,1,12000000000,"جنت‌آباد مرکزی"
139,1398,3,1,1,1,15750000000,پونک
66,1400,2,1,1,1,4090000000,بریانک
102,1401,2,1,1,1,19300000000,"گیشا (کوی نصر)"
105,1399,2,1,1,1,18200000000,"گیشا (کوی نصر)"
108,1401,2,1,1,1,10800000000,"نیرو هوایی"
135,1392,3,1,1,1,19200000000,مرزداران
80,1397,2,1,1,1,10000000000,پونک
149,1402,3,1,1,1,16390000000,شادمهر
170,1385,3,1,1,1,30000000000,سعادت‌آباد
72,1395,1,1,1,1,10500000000,قلهک
97,1398,2,1,1,1,15500000000,نیاوران
120,1401,2,1,1,1,14100000000,پاسداران
50,1370,1,0,1,0,2950000000,آذربایجان
59,1383,1,1,1,1,5959590000,"ارمخیابان ارم (ب. باکری)"
55,1390,1,0,1,0,3300000000,"استاد معین"
87,1385,2,1,1,0,6699000000,اباذر
153,1396,3,1,0,1,16000000000,قنات‌کوثر
130,1401,2,1,1,1,20800000000,حکمت
185,1399,3,1,1,1,32375000000,قیطریه
48,1384,1,0,1,1,3300000000,"پیروزیبلوار ابوذر"
115,1397,2,1,1,1,13650000000,مرزداران
97,1401,2,1,1,1,8051000000,سلسبیل
66,1388,1,0,1,0,2700000000,بریانک
90,1395,2,1,1,1,8600000000,پونک
110,1402,2,1,1,1,7500000000,"سرو آزاد"
100,1402,2,1,1,1,11000000000,"کوی فردوس"
148,1401,3,1,1,1,16200000000,ستارخان
95,1400,2,0,1,1,2900000000,"تهرانپارس شرقی"
120,1402,2,1,1,1,2820000000,چیتگر
61,1388,1,0,1,0,2790000000,جیحون
50,1389,1,0,1,0,3250000000,جیحون
79,1393,2,0,1,1,4000000000,سلسبیل
62,1385,2,1,1,0,4340000000,تهران‌سر
69,1385,2,1,1,0,4400000000,"دکتر هوشیار"
76,1389,2,1,1,1,2400000000,"اندیشه (شهر زیبا)"
145,1401,3,1,1,1,33350000000,سعادت‌آباد
65,1390,2,0,1,0,2950000000,"شهرک ولیعصر"
55,1394,1,1,1,0,1850000000,"اندیشه (شهر زیبا)"
75,1394,2,1,1,0,2300000000,"اندیشه (شهر زیبا)"
100,1401,2,1,1,1,4700000000,وردآورد
70,1388,2,1,1,0,6550000000,"شهرک نفت (منطقه ۵)"
196,1384,4,1,1,1,23520000000,"تجریشخیابان دربند (خ. دکتر شریعتی)"
59,1395,2,1,1,1,4300000000,آذربایجان
60,1398,1,1,1,1,6350000000,"شهر زیبا"
46,1390,1,1,1,1,2799000000,بریانک
106,1400,2,1,1,1,2700000000,"مبارک‌آباد بهشتی"
360,1398,4,1,1,1,75000000000,آجودانیه
350,1399,4,1,1,1,67000000000,فرمانیه
59,1386,2,1,1,0,5340000000,"شهرک پرواز"
55,1386,1,1,1,1,5940000000,"کوی فردوس"
148,1401,3,1,1,1,16200000000,ستارخان
95,1400,2,0,1,1,2900000000,"تهرانپارس شرقی"
120,1402,2,1,1,1,2820000000,چیتگر
61,1388,1,0,1,0,2790000000,جیحون
50,1389,1,0,1,0,3250000000,جیحون
79,1393,2,0,1,1,4000000000,سلسبیل
62,1385,2,1,1,0,4340000000,تهران‌سر
69,1385,2,1,1,0,4400000000,"دکتر هوشیار"
76,1389,2,1,1,1,2400000000,"اندیشه (شهر زیبا)"
145,1401,3,1,1,1,33350000000,سعادت‌آباد
65,1390,2,0,1,0,2950000000,"شهرک ولیعصر"
55,1394,1,1,1,0,1850000000,"اندیشه (شهر زیبا)"
75,1394,2,1,1,0,2300000000,"اندیشه (شهر زیبا)"
100,1401,2,1,1,1,4700000000,وردآورد
70,1388,2,1,1,0,6550000000,"شهرک نفت (منطقه ۵)"
196,1384,4,1,1,1,23520000000,"تجریشخیابان دربند (خ. دکتر شریعتی)"
59,1395,2,1,1,1,4300000000,آذربایجان
60,1398,1,1,1,1,6350000000,"شهر زیبا"
46,1390,1,1,1,1,2799000000,بریانک
106,1400,2,1,1,1,2700000000,"مبارک‌آباد بهشتی"
360,1398,4,1,1,1,75000000000,آجودانیه
350,1399,4,1,1,1,67000000000,فرمانیه
59,1386,2,1,1,0,5340000000,"شهرک پرواز"
55,1386,1,1,1,1,5940000000,"کوی فردوس"
80,1400,1,1,1,1,9100000000,پونک
175,1400,3,1,1,1,18500000000,پاسداران
140,1402,3,1,1,1,21000000000,پاسداران
113,1384,2,1,1,1,13400000000,"پاسدارانکوچه استاد نصیریان (خ. اختیاریه جنوبی)"
175,1401,3,1,1,1,27000000000,"سعادت‌آبادمیدان طهرانی مقدم (بلوار سعادت آباد)"
200,1402,3,1,1,1,59000000000,سعادت‌آباد
105,1402,2,1,1,1,13125000000,سهروردی
63,1387,2,1,1,1,6470000000,اباذر
88,1384,2,1,1,1,7830000000,بهار
86,1392,2,1,1,1,9650000000,"جنت‌آباد جنوبی"
94,1385,2,1,1,0,7500000000,"جنت‌آباد شمالی"
84,1393,2,1,1,1,8100000000,پونک
90,1396,2,1,1,1,9500000000,"جنت‌آباد مرکزی"
62,1397,2,1,1,1,4350000000,جیحون
111,1388,3,1,1,1,9450000000,"اندیشه (شهر زیبا)"
65,1398,1,1,0,1,4800000000,پیروزی
67,1395,1,1,1,1,7100000000,"پونکبزرگراه اشرفی اصفهانی"
53,1393,1,1,1,1,3225000000,بریانک
98,1396,2,1,1,1,10700000000,"سازمان برنامه"
90,1390,2,1,0,1,5050000000,چیتگر
120,1401,2,1,1,1,13200000000,حسین‌آباد
110,1378,2,1,1,0,7150000000,تهران‌سر
49,1395,1,1,1,0,1550000000,"آبشار تهران"
75,1402,2,1,1,1,10500000000,"سازمان برنامهبلوار شقایق جنوبی"
101,1402,2,1,1,1,14000000000,"جنت‌آباد جنوبیمیدان چهار باغ (بلوار جنت آباد جنوبی)"
69,1384,2,1,1,0,5600000000,پونک
83,1385,2,1,1,1,10700000000,"سعادت‌آبادمیدان بهرود (بلوار شاهنامه)"
101,1396,2,1,1,1,10700000000,"جنت‌آباد شمالی"
70,1385,2,1,1,0,5130000000,تهران‌سر
120,1401,2,1,1,1,5100000000,"اندیشه (شهر زیبا)"
99,1401,3,1,1,1,8300000000,آذربایجان
57,1397,1,0,1,1,3300000000,بریانک
76,1396,2,1,1,1,5700000000,تهران‌سر
115,1399,2,1,1,1,23000000000,ولنجک
74,1391,2,0,1,1,5560000000,"شهرک راه‌آهن"
64,1385,1,1,1,0,5000000000,"جنت‌آباد جنوبی"
300,1400,4,1,1,1,110000000000,زعفرانیه
53,1387,1,0,1,1,3400000000,"گرگانمیدان نامجو (خیابان نامجو)"
45,1384,1,0,1,0,2520000000,جیحون
123,1386,3,1,1,1,11850000000,"کوی فردوس"
88,1399,2,1,1,1,6500000000,"استاد معین"
125,1401,2,1,1,1,22500000000,سعادت‌آباد
190,1394,3,1,1,1,42000000000,سعادت‌آباد
165,1390,3,1,1,1,23200000000,"گیشا (کوی نصر)"
55,1400,1,1,1,1,4015000000,"سبلانخیابان سبلان شمالی (ب. امام علی)"
121,1401,2,1,1,1,15125000000,پاسداران
205,1389,3,1,1,1,52000000000,زعفرانیه
132,1370,2,1,1,0,36000000000,"شهرک غرب"
118,1401,2,1,1,1,14000000000,"جنت‌آباد جنوبیمیدان چهار باغ (بلوار جنت آباد جنوبی)"
69,1386,2,1,1,0,3750000000,جیحون
126,1398,2,1,1,1,13700000000,"جنت‌آباد مرکزی"
95,1400,2,1,1,1,9800000000,"جنت‌آباد مرکزی"
110,1399,2,1,1,1,11500000000,"جنت‌آباد مرکزی"
97,1393,2,1,1,1,9200000000,"جنت‌آباد مرکزی"
118,1401,2,1,1,1,12500000000,"جنت‌آباد مرکزی"
86,1380,2,0,1,0,7990000000,سعادت‌آباد
46,1402,1,0,1,1,2800000000,"نوابکنارگذر نواب (خ. امام خمینی)"
75,1385,2,1,1,1,7200000000,پونک
52,1385,1,0,1,1,3720000000,تهران‌سر
58,1397,2,1,1,1,2280000000,"اندیشه (شهر زیبا)"
56,1392,1,1,1,0,2600000000,"اندیشه (شهر زیبا)"
57,1390,2,0,1,0,3750000000,"طوسکوچه امام جمعه زاده (خ. دامپزشکی)"
103,1395,2,1,1,1,12000000000,پونک
65,1387,2,1,1,1,6480000000,"سازمان برنامه"
100,1395,2,1,1,1,17350000000,نیاوران
59,1392,2,1,1,0,2400000000,"اندیشه (شهر زیبا)"
98,1387,2,1,1,1,11900000000,پونک
115,1401,2,1,1,1,12700000000,صادقیه
100,1400,2,1,1,1,175000000000,اختیاریه
36,1385,0,1,1,0,4500000000,پاسداران
20,1402,0,1,1,1,580000000,چیتگر
50,1401,0,1,1,1,1400000000,چیتگر
110,1401,0,1,1,1,13200000000,هروی
36,1390,0,1,1,1,3350000000,آذربایجان
30,1401,0,1,1,1,890000000,"سرو آزادبلوار گیاهشناسی (بلوار پژوهش)"
32,1390,0,0,0,0,1300000000,شمیران‌نو
75,1400,0,1,1,1,1300000000,چیتگر
70,1400,0,1,1,1,1300000000,چیتگر
60,1401,0,1,1,1,914000000,"دریاچه شهدای خلیج فارسخیابان پارکینگ بام لند (خ. پارکینگ بام لند)"
50,1402,0,1,1,1,1530000000,چیتگر
50,1401,0,1,1,1,1415000000,"سرو آزادبلوار گیاهشناسی (بلوار پژوهش)"
47,1378,0,1,1,1,22403000000,"شهرک محلاتی"
50,1402,0,1,1,1,2500000000,چیتگر
23,1379,0,0,0,0,1700000000,آذربایجان
451,1389,0,1,1,0,23000000000,آذری
40,1392,0,0,0,1,5700000000,فرمانیه
127,1401,0,1,1,1,5700000000,چیتگر
12,1384,0,1,0,1,550000000,سوهانک
36,1393,0,1,1,1,3200000000,آذربایجان
20,1401,0,1,1,1,625000000,"سرو آزادبلوار باغ گیاه شناسی (خ. گودرزی)"
24,1377,0,0,0,0,1700000000,سلسبیل
20,1402,0,1,1,1,605000000,چیتگر
70,1400,0,1,1,1,0,چیتگر
70,1400,0,1,1,1,0,چیتگر
70,1400,0,1,1,1,0,چیتگر
70,1400,0,1,1,1,0,چیتگر
70,1400,0,1,1,1,0,چیتگر
70,1400,0,1,1,1,0,چیتگر
70,1400,0,1,1,1,0,چیتگر
70,1400,0,1,1,1,0,چیتگر
70,1400,0,1,1,1,0,چیتگر
70,1400,0,1,1,1,0,چیتگر
70,1400,0,1,1,1,0,چیتگر
70,1400,0,1,1,1,0,چیتگر
70,1400,0,1,1,1,0,چیتگر
70,1400,0,1,1,1,0,چیتگر
70,1400,0,1,1,1,0,چیتگر
70,1400,0,1,1,1,0,چیتگر
70,1400,0,1,1,1,0,چیتگر
70,1400,0,1,1,1,0,چیتگر
70,1400,0,1,1,1,0,چیتگر
70,1400,0,1,1,1,0,چیتگر
70,1400,0,1,1,1,0,چیتگر
70,1400,0,1,1,1,0,چیتگر
70,1400,0,1,1,1,0,چیتگر
70,1400,0,1,1,1,0,چیتگر
50,1382,1,0,1,0,4450000000,"جنت‌آباد شمالی"
113,1402,3,1,1,1,12000000000,"شمس‌آبادمیدان ملت (خیابان استاد حسن بنا شمالی)"
115,1401,2,1,1,1,14950000000,هروی
96,1401,2,1,1,1,12000000000,طرشت
95,1397,2,1,1,1,2565000000,"وردآوردخیابان ایستگاه تاکسی شهر قدس (خ. ایستگاه تاکسی اسلام شهر)"
70,1380,1,0,1,0,4200000000,پرستار
60,1402,1,1,1,1,1530000000,چیتگر
53,1389,3,1,1,0,3750000000,کاروان
300,1402,4,1,1,1,115000000000,کامرانیه
168,1384,3,1,1,1,18300000000,جردن
190,1398,3,1,1,1,45000000000,سعادت‌آباد
95,1385,2,1,1,1,13600000000,سعادت‌آباد
115,1393,3,1,1,1,17300000000,سعادت‌آباد
90,1382,2,1,1,0,8700000000,"سازمان برنامه"
123,1398,2,1,1,1,10701000000,چیتگر
114,1401,2,1,1,1,7900000000,چیتگر
112,1401,2,1,1,1,8600000000,"دریاچه شهدای خلیج فارس"
130,1380,2,1,1,1,15600000000,میرداماد
50,1401,1,1,1,1,7000000000,"باغ فیضخیابان مهستان"
101,1401,2,1,1,1,14500000000,حکمت
88,1387,2,1,1,1,9000000000,پونک
83,1371,2,0,1,0,3300000000,"نظام‌آبادخیابان مدنی"
87,1400,2,1,1,1,2349000000,"مبارک‌آباد بهشتی"
145,1401,3,1,1,1,15950000000,پونک
173,1400,3,1,1,1,22000000000,اباذر
115,1399,2,1,1,1,17800000000,پاسداران
72,1380,2,1,1,0,6730000000,"المهدیخیابان امام رضا"
89,1399,2,1,1,1,2600000000,"مبارک‌آباد بهشتی"
88,1399,2,1,1,1,2523000000,"مبارک‌آباد بهشتی"
110,1400,2,1,1,1,3190000000,"مبارک‌آباد بهشتی"
53,1385,1,1,1,0,4250000000,"تهران‌نوخیابان تیموری (خ. دماوند)"
116,1401,2,1,1,1,12760000000,مرزداران
61,1392,1,1,1,1,1850000000,"اندیشه (شهر زیبا)"
44,1384,1,1,1,1,5000000000,"شهران جنوبی"
53,1386,2,1,1,0,4200000000,"تهرانپارس غربی"
75,1399,2,1,1,1,2457000000,"مبارک‌آباد بهشتی"
65,1401,1,1,1,1,2015000000,"مبارک‌آباد بهشتی"
120,1402,2,1,1,1,19500000000,ولنجک
196,1396,3,1,1,1,22900000000,اختیاریه
85,1401,2,1,1,1,15300000000,اختیاریه
137,1402,3,1,1,1,17800000000,اختیاریه
86,1387,2,1,1,0,7200000000,"شهران جنوبی"
55,1392,1,1,1,0,3200000000,مسعودیه
114,1398,2,1,1,1,14800000000,فرمانیه
80,1383,2,1,1,0,7200000000,پونک
55,1397,1,1,1,1,3800000000,"استاد معین"
61,1384,2,1,1,0,6380000000,پونک
52,1397,1,1,1,0,2020000000,"اندیشه (شهر زیبا)"
86,1380,2,1,0,1,7000000000,بهار
103,1402,2,1,1,1,9785000000,شمس‌آباد
112,1396,2,1,1,1,16300000000,فرمانیه
127,1401,3,1,1,1,16510000000,مرزداران
86,1389,2,1,1,1,10999999999,"ازگلخیابان سه‌راه اقدسیه (خیابان پاسداران)"
128,1402,2,1,1,1,18400000000,قبا
90,1402,2,1,1,1,1890000000,"سعیدآبادجاده سعید آباد (خیابان برادران اصغری)"
75,1402,2,1,1,1,9400000000,جلفا
160,1394,3,1,1,1,25500000000,اوین
50,1390,1,1,1,0,1490000000,"اندیشه (شهر زیبا)"
104,1401,2,1,1,1,11500000000,کوهک
50,1390,1,1,1,1,4950000000,"شهران جنوبی"
91,1395,1,1,1,1,5300000000,"شهران شمالی"
152,1401,3,1,1,1,21000000000,اباذر
70,1398,1,0,1,1,6550000000,هروی
120,1402,2,1,1,1,23000000000,کاشانک
91,1378,2,1,1,0,8900000000,امیرآباد
100,1401,2,1,1,1,1750000000,"دریاچه شهدای خلیج فارس"
88,1391,2,1,1,1,8450000000,"تهرانپارس غربیخیابان آهنی آمینه (خ. فرجام)"
190,1370,4,0,1,0,12500000000,"ستارخانخیابان باقرخان (ب. چمران)"
73,1386,2,1,1,1,6900000000,"کوی فردوس"
42,1395,1,0,1,1,1580000000,"اندیشه (شهر زیبا)"
43,1385,1,0,1,0,3250000000,"تهرانپارس شرقی"
50,1401,0,1,1,1,1400000000,چیتگر
72,1384,2,1,1,1,6700000000,ستارخان
63,1381,1,1,1,1,5550000000,ستارخان
230,1401,4,1,1,1,28000000000,اباذر
250,1402,4,1,1,1,33750000000,"کوی فردوس"
93,1401,2,1,1,1,7440000000,تهران‌سر
133,1401,2,1,1,1,8000000000,"سرو آزادکنارگذر خرازی (بزرگراه خرازی)"
128,1393,3,1,1,1,12800000000,"تهرانپارس غربیخیابان سجده ای شمالی (خ. زفرقندی)"
155,1370,3,1,1,1,24000000000,"شهرک غرب"
90,1398,2,1,1,1,2520000000,"مبارک‌آباد بهشتی"
75,1402,2,1,1,1,2000000000,سلسبیل
105,1380,2,1,1,0,8550000000,اقدسیه
45,1379,1,0,1,0,2000000000,سلسبیل
49,1370,1,0,0,0,2150000000,سلیمانی
98,1400,2,1,1,1,2565000000,"مبارک‌آباد بهشتی"
60,1401,1,1,1,1,4500000000,"تهرانپارس شرقی"
52,1387,1,1,1,1,4300000000,"شهر زیبا"
100,1392,2,1,1,1,7500000000,"تهرانپارس غربی"
220,1398,3,1,1,1,36800000000,فرمانیه
240,1400,3,1,1,1,45600000000,نیاوران
200,1390,3,1,1,1,32500000000,دروس
210,1401,3,1,1,1,69300000000,نیاوران
148,1401,2,1,1,1,18500000000,سوهانک
50,1397,1,1,1,1,1600000000,"اندیشه (شهر زیبا)"
180,1402,3,1,1,1,4590000000,چیتگر
45,1382,1,1,1,0,3150000000,سلسبیل
68,1385,2,1,1,0,6400000000,"جنت‌آباد مرکزی"
170,1401,3,1,1,1,27300000000,سعادت‌آباد
107,1400,2,1,1,1,5100000000,"اندیشه (شهر زیبا)"
57,1381,2,0,1,0,2700000000,"خواجه نظام الملک"
60,1387,1,1,1,1,5100000000,"شهران شمالیمیدان دوم شهران (بلوار شهران)"
75,1394,2,1,1,1,4500000000,"کرمانکوچه قدیری (خ. طاهری)"
55,1386,1,0,1,0,2400000000,جیحون
135,1392,3,1,1,1,19700000000,سعادت‌آباد
308,1401,4,1,1,1,48000000000,"سعادت‌آبادمیدان طهرانی مقدم (کاج) (بلوار سعادت اباد)"
61,1386,1,0,1,0,3000000000,"مهرآباد جنوبی"
210,1401,3,1,1,1,40000000000,"شهرک غرب"
75,1392,2,0,1,1,6000000000,"دریاچه شهدای خلیج فارس"
58,1401,1,0,1,1,4500000000,جیحون
91,1385,2,1,1,0,6750000000,ستارخان
100,1401,2,1,1,1,1754000000,چیتگر
60,1382,2,1,1,0,4000000000,افسریه
95,1401,2,1,1,1,10450000000,"کوی فردوس"
130,1401,3,1,1,1,15200000000,دریان‌نو
145,1387,3,1,1,1,18200000000,جردن
125,1393,3,1,1,1,14000000000,شاهین
49,1387,1,1,1,0,1680000000,"اندیشه (شهر زیبا)"
185,1396,3,1,1,1,20720000000,سوهانک
158,1401,3,1,1,1,27650000000,جردن
121,1401,2,1,1,1,11900000000,دریان‌نو
78,1399,2,1,1,1,4758000000,"شارق شرقی"
61,1383,1,1,1,0,5850000000,شاهین
78,1394,2,1,1,1,8100000000,شاهین
150,1401,3,1,1,1,27000000000,جردن
82,1398,2,0,1,1,4350000000,جیحون
79,1402,2,1,1,1,9200000000,دریان‌نو
135,1397,3,1,1,1,8700000000,"دهکده المپیک"
117,1402,2,1,1,1,19305000000,سعادت‌آباد
65,1379,2,0,1,0,4250000000,"سلسبیلخیابان رودکی جنوبی (خیابان دامپزشکی)"
96,1395,2,1,1,1,12000000000,مرزداران
85,1381,2,1,1,0,7500000000,شاهین
109,1398,2,1,1,1,10250000000,توحید
198,1399,3,1,1,1,13280000000,"دریاچه شهدای خلیج فارس"
61,1395,1,1,1,1,6300000000,"شهران جنوبی"
170,1401,3,1,1,1,55000000000,ولنجک
74,1381,2,0,1,0,4100000000,"ابوذر (منطقه ۱۵)خیابان مسلم (خ. فاضل بجستانی)"
205,1385,3,1,1,1,28500000000,سعادت‌آباد
69,1380,2,0,0,1,4000000000,آذربایجان
160,1401,3,1,1,1,34000000000,"سعادت‌آبادخیابان صراف‌های جنوبی (بلوار دریا)"
92,1401,2,1,1,1,1700000000,"دریاچه شهدای خلیج فارس"
100,1401,2,1,1,1,2800000000,چیتگر
100,1401,2,1,1,1,2800000000,چیتگر
100,1401,2,1,1,1,2800000000,چیتگر
100,1381,2,0,1,0,2800000000,جی
144,1401,3,1,1,1,4100000000,"اندیشه (شهر زیبا)"
170,1387,2,1,1,1,28500000000,سعادت‌آباد
101,1401,2,1,1,1,2185000000,چیتگر
177,1400,3,1,1,1,11390000000,"دریاچه شهدای خلیج فارس"
86,1395,2,1,1,1,9890000000,پونک
118,1390,3,1,1,1,11500000000,"باغ فیض"
300,1401,4,1,1,1,75000000000,"سعادت‌آبادمیدان طهرانی مقدم (کاج) (بلوار سعادت آباد)"
52,1380,2,0,1,0,3290000000,"سلسبیلخیابان قصرالدشت (خیابان هاشمی)"
60,1390,1,1,1,1,5800000000,"شهر زیبا"
120,1402,2,1,1,1,19800000000,قیطریه
120,1402,3,1,1,1,16320000000,"سازمان برنامهخیابان سازمان برنامه شمالی (ب. علامه جعفری)"
150,1395,3,1,1,1,31500000000,سعادت‌آباد
145,1400,3,1,1,1,22500000000,مرزداران
132,1401,2,1,1,1,1800000000,"شهرک شهید باقری"
130,1401,2,1,1,1,32500000000,نیاوران
134,1391,3,1,1,1,15300000000,مرزداران
49,1395,1,1,1,1,1500000000,"اندیشه (شهر زیبا)"
102,1389,2,1,1,0,8350000000,"شهرک راه‌آهن"
136,1395,3,1,1,1,14960000000,نارمک
145,1385,3,1,1,1,13500000000,دردشت
62,1387,2,1,1,0,1630000000,"اندیشه (شهر زیبا)"
53,1385,1,0,1,1,4250000000,"تهرانپارس غربی"
128,1401,2,1,1,1,10200000000,چیتگر
90,1401,2,1,1,1,13050000000,"جنت‌آباد مرکزی"
80,1397,2,1,1,1,6650000000,"جنت‌آباد شمالی"
70,1388,2,1,1,1,8900000000,مرزداران
137,1402,3,1,1,1,17810000000,شاهین
80,1402,2,1,1,1,10000000000,"هفت حوض"
49,1383,1,1,1,0,3533000000,حشمتیه
71,1387,2,0,1,0,4500000000,"استاد معینخیابان طوس (خ. جیحون)"
81,1398,2,0,1,1,6560000000,"جنت‌آباد شمالی"
170,1400,3,1,1,1,47600000000,"زعفرانیهخیابان الف"
60,1401,2,1,1,1,7500000000,مدائن
110,1401,2,1,1,1,13000000000,کاظم‌آباد
75,1393,2,1,1,1,4150000000,بریانک
96,1394,2,1,1,1,6350000000,تهران‌سر
123,1402,3,1,1,1,3060000000,"دریاچه شهدای خلیج فارس"
56,1395,1,1,1,1,4500000000,پیروزی
115,1390,3,1,1,1,17250000000,سعادت‌آباد
230,1401,3,1,1,1,48300000000,سعادت‌آباد
127,1401,2,1,1,1,34290000000,سعادت‌آباد
165,1399,3,1,1,1,42900000000,سعادت‌آباد
147,1402,3,1,1,1,29300000000,"شهرک غرب"
88,1388,2,1,1,0,2230000000,"اندیشه (شهر زیبا)"
49,1383,1,1,1,0,4950000000,"جنت‌آباد مرکزی"
85,1399,2,1,1,1,15300000000,"گیشا (کوی نصر)"
142,1399,3,1,1,1,22000000000,"گیشا (کوی نصر)"
126,1401,3,1,1,1,16380000000,صادقیه
220,1399,3,1,1,1,35000000000,"سازمان برنامه"
90,1385,3,1,1,1,6200000000,جمهوری
57,1379,1,0,1,0,3400000000,آذربایجان
75,1397,2,1,1,1,7900000000,"جنت‌آباد مرکزی"
54,1388,1,1,1,1,5555000000,پونک
88,1395,2,1,1,1,10000000000,"جنت‌آباد مرکزی"
181,1402,3,1,1,1,22450000000,دریان‌نو
53,1394,1,0,1,1,3180000000,سلسبیل
125,1385,3,1,1,1,12000000000,"کوی فردوس"
57,1380,2,1,1,0,6300000000,"کوی فردوس"
65,1395,2,1,1,1,6500000000,"شهران جنوبی"
90,1396,2,1,1,1,14200000000,سعادت‌آباد
110,1398,2,1,1,1,22000000000,سعادت‌آباد
50,1385,1,1,1,1,5950000000,مرزداران
54,1381,1,0,1,0,2600000000,"امیریهخیابان مختاری غربی (خ. ولیعصر)"
53,1384,1,0,0,0,4700000000,"جنت‌آباد مرکزیخیابان شاهین شمالی (خیابان رجب صلاحی)"
118,1400,3,1,1,1,8300000000,افسریه
64,1384,1,1,1,1,5750000000,"کوی فردوس"
54,1384,1,1,1,0,2300000000,مسعودیه
40,1389,1,0,1,0,2240000000,بریانک
61,1384,1,0,1,0,5400000000,پونک
83,1392,2,1,1,1,8450000000,پونک
45,1383,1,0,1,0,2000000000,آذری
67,1380,2,0,1,0,2590000000,بریانک
65,1390,2,0,1,1,2825000000,نواب
115,1390,2,1,1,1,12100000000,یوسف‌آباد
170,1399,3,1,0,1,29750000000,یوسف‌آباد
170,1397,3,1,0,1,25500000000,یوسف‌آباد
113,1400,2,1,1,1,17100000000,یوسف‌آباد
223,1385,3,1,1,1,23000000000,هروی
130,1388,3,1,1,1,14000000000,اختیاریه
42,1382,1,0,1,0,2150000000,"هفت چنارخیابان نوری نیارکی (بزرگراه آیت الله سعیدی)"
125,1395,2,1,1,1,17200000000,دروس
85,1390,2,1,1,1,9000000000,سهروردی
121,1383,3,1,1,1,10527000000,بهار
57,1394,1,1,1,0,2200000000,"اندیشه (شهر زیبا)"
60,1385,1,1,1,1,5700000000,طرشت
64,1384,1,1,1,0,4300000000,"استخربلوار پروین (بلوار شاهد)"
50,1401,1,1,1,1,5300000000,"باغ فیض"
100,1401,2,1,1,1,1850000000,"دریاچه شهدای خلیج فارس"
109,1401,2,1,1,1,6758000000,تهران‌سر
48,1382,2,1,1,0,4350000000,"جنت‌آباد جنوبی"
66,1390,1,1,0,1,2350000000,"شهرک ولیعصرخیابان فولادی"
136,1388,2,1,1,1,14700000000,قلهک
117,1400,3,1,1,1,12600000000,"جنت‌آباد جنوبی"
69,1380,2,0,0,0,3500000000,"پیروزیخیابان پیروزی (کنارگذر پیروزی)"
440,1398,4,1,1,1,55000000000,"دریاچه شهدای خلیج فارس"
170,1400,3,1,1,1,17500000000,"دریاچه شهدای خلیج فارس"
76,1402,2,1,1,1,1250000000,چیتگر
83,1392,2,0,1,1,3700000000,خزانه
100,1396,2,1,1,1,7400000000,زنجان
70,1385,2,1,1,1,7200000000,پونک
56,1392,1,1,1,1,3430000000,جیحون
105,1396,2,1,1,1,10800000000,"کوی فردوس"
290,1398,3,1,1,1,50000000000,سعادت‌آباد
100,1402,2,1,1,1,14500000000,مرزداران
110,1394,2,1,1,1,11300000000,"کوی فردوس"
48,1388,1,0,0,0,3100000000,"هفت چنار"
147,1401,3,1,1,1,17500000000,پونک
117,1389,2,1,1,1,10000000000,"شهران شمالی"
115,1389,3,1,1,1,10700000000,"شهران شمالی"
45,1393,1,1,1,1,2000000000,"اندیشه (شهر زیبا)"
238,1401,3,1,1,1,71000000000,زعفرانیه
135,1401,2,1,1,1,27000000000,ولنجک
98,1401,2,1,1,1,14000000000,مرزداران
100,1398,2,1,1,1,3600000000,یافت‌آباد
78,1393,2,1,1,1,1680000000,قیام‌دشت
195,1402,3,1,1,1,23000000000,هروی
75,1393,2,1,1,1,11300000000,مرزداران
50,1402,2,1,1,1,1417000000,چیتگر
59,1396,1,1,1,1,3800000000,آذری
76,1388,2,1,1,1,7200000000,"جنت‌آباد جنوبی"
110,1401,2,1,1,1,8300000000,چیتگر
226,1388,4,1,1,1,36000000000,اقدسیه
100,1385,2,1,1,1,12500000000,مرزداران
190,1395,3,1,1,1,32500000000,نیاوران
350,1385,4,1,1,1,49000000000,"نیاورانخیابان عمار (خیابان شهید باهنر)"
245,1385,3,1,1,1,36000000000,فرمانیه
200,1390,3,1,1,1,36500000000,نیاوران
143,1402,3,1,1,1,24310000000,نیاوران
63,1390,2,0,1,0,2820000000,نواب
50,1386,1,0,1,1,2690000000,بریانک
66,1377,2,0,1,0,2610000000,بریانک
121,1401,2,1,1,1,15730000000,هروی
110,1397,3,1,1,1,11900000000,مرزداران
80,1388,2,1,1,1,7550000000,"سازمان برنامه"
125,1402,3,1,1,1,16300000000,مرزداران
114,1402,2,1,1,1,13950000000,هروی
82,1386,2,0,1,0,5100000000,سلسبیل
105,1394,2,1,1,1,6300000000,تهران‌سر
107,1392,2,1,1,1,8250000000,توحید
100,1402,2,1,1,1,2360000000,کوهک
130,1402,2,1,1,1,20000000000,نیاوران
50,1380,1,1,0,0,2080000000,اتابک
120,1395,2,1,1,1,13000000000,یوسف‌آباد
95,1401,2,1,1,1,1140000000,چیتگر
68,1396,1,1,1,1,10200000000,"شهرک غرب"
131,1384,3,1,1,1,18000000000,"شهرک غربخیابان سردار دریا (بلوار دریا)"
220,1398,4,1,1,1,43400000000,"سعادت‌آبادخیابان مروارید (بلوار سرو غربی)"
86,1401,2,1,1,1,16200000000,"شهرک غربخیابان سپهر (ب. یادگار امام)"
145,1402,3,1,1,1,26100000000,"شهرک غربخیابان سپهر (ب. یادگار امام)"
63,1386,1,0,1,1,5150000000,"تهرانپارس غربی"
112,1392,2,1,1,1,11700000000,"تهرانپارس غربی"
48,1382,1,0,1,0,2200000000,جلیلی
80,1399,2,1,1,1,14350000000,"گیشا (کوی نصر)"
50,1383,1,0,1,0,4100000000,"سازمان آب"
130,1400,3,1,1,1,26000000000,نیاوران
61,1402,1,1,1,1,1530000000,"دریاچه شهدای خلیج فارس"
75,1398,2,1,1,1,2100000000,"مبارک‌آباد بهشتی"
51,1379,2,0,1,0,3280000000,سلسبیل
80,1390,2,1,1,1,9350000000,مرزداران
68,1396,2,1,1,1,6450000000,"باغ فیض"
55,1387,1,1,1,1,5750000000,"کوی فردوس"
210,1399,3,1,1,1,0,کامرانیه
105,1371,2,1,1,0,8100000000,سهروردی
90,1400,2,1,1,1,2520000000,"مبارک‌آباد بهشتی"
40,1383,1,0,1,0,2900000000,"تهرانپارس شرقی"
115,1400,2,1,1,1,3200000000,"مبارک‌آباد بهشتی"
87,1396,2,1,1,1,11000000000,نیاوران
175,1381,3,1,1,1,20562500000,"اختیاریهکوچه ارغوان (خ. دیباجی جنوبی)"
56,1390,1,1,1,1,3500000000,"تهرانپارس شرقی"
220,1399,3,1,1,1,0,نیاوران
166,1401,3,1,1,1,24500000000,"مرزدارانبلوار مرزداران (بزرگراه یادگار امام)"
88,1390,2,1,1,1,10700000000,پونک
210,1401,3,1,1,1,39900000000,سعادت‌آباد
50,1384,1,1,0,1,1850000000,دولت‌آباد
70,1376,1,1,0,0,5000000000,دهقان
83,1392,2,1,1,1,7450000000,"دکتر هوشیار"
100,1381,2,0,1,0,2800000000,جی
69,1380,2,0,0,1,4000000000,آذربایجان
72,1401,2,1,1,1,9800000000,"کوی فردوس"
67,1392,1,1,1,0,2200000000,"اندیشه (شهر زیبا)"
102,1397,2,1,1,1,14000000000,قیطریه
90,1393,2,1,1,1,9000000000,پونک
120,1402,2,1,1,1,15600000000,پاسداران
140,1399,2,1,1,1,23500000000,دروس
63,1379,2,1,1,1,3250000000,بریانک
40,1390,1,1,1,0,2000000000,فلاح
85,1386,2,1,1,1,7250000000,"باغ فیض"
130,1389,3,1,1,1,14950000000,سعادت‌آباد
256,1386,4,1,1,1,32000000000,مرزداران
117,1401,2,1,1,1,7600000000,"دریاچه شهدای خلیج فارس"
65,1380,1,0,1,0,3700000000,سلیمانی
117,1402,3,1,1,1,12000000000,"شهرک راه‌آهن"
67,1383,2,1,1,0,4700000000,"استاد معین"
108,1402,2,1,1,1,7650000000,چیتگر
50,1385,1,1,1,1,3280000000,بریانک
64,1400,2,1,1,1,4300000000,جیحون
115,1384,2,1,1,1,12700000000,هروی
160,1384,3,1,1,1,25500000000,دروس
114,1402,2,1,1,1,8000000000,"سرو آزاد"
72,1390,1,1,1,1,4200000000,فلاح
115,1382,2,1,1,1,15600000000,"قیطریهخیابان منصور پورحیدری (روشنایی) (بلوار کاوه)"
145,1389,3,1,1,1,12000000000,"چیذرکوچه بهمن پور (خ. معصومی)"
85,1385,2,1,1,1,9500000000,پونک
180,1380,3,1,1,0,37000000000,دروس
50,1380,1,1,0,0,4000000000,اسکندری
242,1401,3,1,1,1,36300000000,اقدسیه
75,1382,2,1,1,0,7600000000,"جنت‌آباد جنوبی"
65,1390,2,0,0,0,2000000000,کن
62,1383,1,1,0,0,7000000000,سعادت‌آباد
66,1392,2,1,1,1,5100000000,"استاد معین"
104,1400,2,1,1,1,10600000000,"دریاچه شهدای خلیج فارس"
147,1395,3,1,1,1,20000000000,آسمان
110,1401,2,1,1,1,12100000000,"شهران جنوبی"
150,1401,3,1,1,1,28000000000,دروس
60,1371,1,1,1,0,4450000000,"دکتر هوشیار"
105,1400,2,1,1,1,8100000000,"استاد معین"
137,1399,3,1,1,1,16200000000,"پونکبلوار فلاح زاده (همیلا) (بلوار میرزابابایی)"
87,1377,2,1,1,0,6100000000,بهار
76,1400,2,1,1,1,6000000000,پیروزی
43,1382,1,0,1,0,2700000000,سلسبیل
130,1392,3,1,1,1,13700000000,پونک
120,1399,2,1,1,1,12300000000,پونک
96,1388,2,1,1,1,12200000000,پونک
40,1386,1,1,1,1,2350000000,"عارفخیابان مخبر جنوبی (خ. خاوران)"
65,1388,2,0,0,0,4750000000,زنجان
66,1383,2,1,1,0,4000000000,سلسبیل
43,1381,1,0,0,0,2300000000,"گمرکخیابان وحدت اسلامی (خیابان امام خمینی)"
50,1393,1,0,1,1,2450000000,"شهرک ولیعصر"
64,1385,1,1,1,0,3020000000,سلسبیل
57,1386,1,1,1,0,3250000000,سلسبیل
60,1396,1,0,1,0,2950000000,"شهرک ولیعصر"
55,1385,1,0,1,0,2350000000,"تولید دارو"
68,1382,1,0,1,0,5400000000,نارمک
58,1386,1,1,1,0,4400000000,نارمک
103,1401,2,1,1,1,12600000000,نارمک
48,1394,1,0,1,1,4500000000,نارمک
112,1390,2,1,1,1,12650000000,مدائن
57,1385,1,0,1,0,4800000000,مدائن
55,1385,1,1,1,0,4290000000,نارمک
70,1384,2,0,1,0,4790000000,نارمک
67,1396,2,0,1,1,4000000000,"استاد معین"
58,1394,1,0,1,1,3500000000,جیحون
125,1400,3,1,1,1,17500000000,امیرآباد
223,1400,3,1,1,1,55750000000,نیاوران
76,1389,2,1,1,1,3040000000,"خلیج فارسکوچه شیرودی (بلوار خلیج فارس)"
70,1370,2,0,1,0,2650000000,"سبلانکوچه بی غم (خ. سبلان شمالی)"
130,1391,3,1,1,1,14370000000,ارم
86,1388,2,0,1,1,9300000000,پاسداران
100,1394,2,1,1,1,11000000000,"کوی فردوس"
65,1383,1,0,1,0,4300000000,پونک
36,1377,1,0,1,0,2650000000,"سلسبیلکوچه رودکی شمالی"
49,1390,1,0,1,0,2250000000,مخصوص
50,1387,1,1,1,0,4400000000,"نارمک جنوبی"
80,1382,2,1,1,0,7000000000,"هفت حوض"
70,1392,2,0,1,1,4700000000,آذربایجان
116,1393,2,1,1,1,10950000000,"شهر زیبا"
85,1402,2,1,1,1,10700000000,"جنت‌آباد جنوبی"
64,1384,1,0,1,1,5200000000,"تهرانپارس غربی"
250,1375,4,1,1,0,65000000000,سعادت‌آباد
1310,1401,3,1,0,1,190000000000,"صادقیهبلوار آیت الله کاشانی"
45,1381,1,0,1,0,2700000000,"سلسبیلکوچه رودکی شمالی (کوچه رودکی شمالی)"
63,1385,1,1,1,1,6500000000,پونک
48,1380,1,0,0,0,3150000000,آذربایجان
106,1396,2,1,1,1,12800000000,مرزداران
183,1402,3,1,1,1,38400000000,مرزداران
650,1396,5,1,1,1,160000000000,اقدسیه
64,1386,1,0,1,1,5850000000,"جنت‌آباد جنوبی"
90,1398,2,1,1,1,8690000000,اکباتان
86,1384,2,1,1,0,9500000000,پونک
54,1393,1,0,1,0,3090000000,"بریانکخیابان نیکفر (خ. بریانک)"
139,1401,3,1,1,1,16500000000,"شهران شمالی"
186,1401,3,1,1,1,22400000000,هروی
55,1383,1,1,1,0,4300000000,"جنت‌آباد شمالی"
50,1393,1,1,1,1,3920000000,"تهرانپارس شرقی"
109,1401,2,1,1,1,9800000000,"نیرو هوایی"
64,1390,1,1,1,1,6950000000,"کوی فردوسکوچه ابراهیمی جنوبی (بلوار فردوس)"
105,1396,2,1,1,1,9970000000,سهروردی
110,1401,0,1,1,1,13200000000,هروی
108,1389,2,1,1,0,6000000000,"بریانکخیابان محبوب مجاز (خ. خوش جنوبی)"
95,1401,2,1,1,1,11900000000,پونک
129,1401,2,1,1,1,12950000000,"کوی فردوس"
123,1386,2,1,1,1,11800000000,"کوی فردوسبلوار فردوس (ب. ستاری)"
67,1381,2,1,1,0,6700000000,"کوی فردوس"
87,1387,2,1,1,1,9250000000,"سازمان برنامه"
170,1388,3,1,1,1,26000000000,آجودانیه
140,1401,3,1,1,1,3920000000,"دریاچه شهدای خلیج فارس"
95,1393,2,1,1,1,10756000000,"جنت‌آباد مرکزی"
76,1396,2,1,1,1,3200000000,"شادآبادخیابان الزهرا"
125,1401,2,1,1,1,15634000000,"دریاچه شهدای خلیج فارس"
195,1401,3,1,1,1,23400000000,پاسداران
143,1400,2,1,1,1,33000000000,دروس
112,1387,2,1,1,1,14500000000,پاسداران
72,1396,1,1,1,1,11500000000,پاسداران
275,1392,4,1,1,1,38500000000,دروس
335,1401,3,1,1,1,134000000000,دروس
171,1385,3,1,1,1,22500000000,یوسف‌آباد
93,1401,2,1,1,1,10400000000,صادقیه
153,1401,3,1,1,1,20500000000,چیذر
45,1382,1,0,1,0,3400000000,پیروزی
50,1382,2,1,1,0,4600000000,"جنت‌آباد شمالیبلوار جنت آباد شمالی (بزرگراه آبشناسان)"
123,1397,3,1,1,1,15042000000,"شهران جنوبیخیابان طوقانی"
90,1387,2,1,1,0,8200000000,"جنت‌آباد جنوبی"
62,1373,1,1,1,0,3500000000,سلسبیل
94,1392,2,1,1,1,115000000009,فرمانیه
77,1393,2,1,1,1,8330000000,"سازمان برنامهخیابان اینانلو (بلوار شقایق مرکزی)"
169,1397,3,1,1,1,28730000000,یوسف‌آباد
61,1383,1,1,1,1,6200000000,"جنت‌آباد جنوبیمیدان چهار باغ (بلوار جنت آباد جنوبی)"
99,1386,2,1,1,0,7290000000,صادقیه
135,1401,2,1,1,1,20250000000,ظفر
80,1402,2,1,1,1,6400000000,"آذربایجانکوچه دامپزشکی (خ. آذربایجان)"
210,1396,3,1,1,1,48000000000,آجودانیه
257,1382,4,1,1,1,36500000000,پاسداران
151,1380,4,1,1,0,12200000000,"تهرانپارس شرقیبلوار ناهیدی (جشنواره) (جاده دماوند)"
42,1395,1,0,1,1,3250000000,آذربایجان
85,1398,2,1,1,1,9000000000,"جنت‌آباد مرکزی"
133,1394,3,1,1,1,12500000000,"جنت‌آباد جنوبی"
45,1384,1,1,1,0,3560000000,آذربایجان
65,1399,1,1,1,0,5500000000,"جنت‌آباد جنوبیبلوار کبیرزاده (لاله غربی) (بلوار جنت آباد جنوبی)"
60,1387,2,1,1,0,6080000000,"سازمان برنامه"
129,1384,3,1,1,1,19150000000,سعادت‌آباد
127,1372,2,1,1,0,10750000000,پونک
105,1390,2,1,1,1,11000000000,"جنت‌آباد جنوبی"
50,1381,1,0,0,0,3000000000,جیحون
61,1390,1,1,1,1,6800000000,"کوی فردوس"
110,1388,2,1,1,1,9400000000,"کوی فردوس"
75,1401,2,1,0,1,5350000000,سلسبیل
55,1400,1,1,1,1,6500000000,"باغ فیض"
97,1394,2,1,1,1,10600000000,"جنت‌آباد جنوبی"
195,1395,3,1,1,1,43000000000,"سعادت‌آبادخیابان محمدعلی کشاورز (خیابان اوین)"
119,1402,2,1,1,1,14280000000,پاسداران
140,1391,3,1,1,1,15500000000,سوهانک
68,1386,2,1,1,1,6300000000,سعادت‌آباد
102,1400,2,1,1,1,6000000000,"جیخیابان بختیاری (سی متری جی) (بزرگراه آیت الله سعیدی)"
110,1401,2,1,1,1,16500000000,دروس
81,1380,2,0,1,0,4950000000,سلسبیل
42,1389,1,1,1,0,2400000000,بریانک
138,1401,3,1,1,1,33117000000,دروس
165,1401,3,1,1,1,36800000000,پاسداران
170,1395,3,1,1,1,28000000000,پاسداران
170,1393,3,1,1,1,26560000000,پاسداران
285,1398,3,1,1,1,52300000000,پاسداران
260,1397,3,1,1,1,38250000000,پاسداران
210,1401,3,1,1,1,39950000000,دروس
70,1397,2,0,1,1,3850000000,جیحون
70,1388,1,0,1,0,2850000000,"تهرانپارس شرقیمیدان گرمابدری (بلوار گرمابدری)"
20,1370,0,0,0,0,7500000000,بلورسازی
176,1390,3,1,1,1,34000000000,"زعفرانیهمیدان اعجازی (خیابان اعجازی)"
39,1383,1,1,0,1,2900000000,سلسبیل
142,1401,3,1,1,1,13206000000,"شهرک راه‌آهن"
190,1400,3,1,1,1,22300000000,سهروردی
210,1402,3,1,1,1,32800000000,هروی
265,1384,4,1,1,1,40000000000,زعفرانیه
58,1387,1,1,1,1,5965000000,"ارمخیابان ورودی شرقی پارک ارم"
98,1396,2,1,1,1,8200000000,چیتگر
86,1400,2,1,1,1,9000000000,"جنت‌آباد شمالی"
115,1401,2,1,1,1,13850000000,"سازمان آب"
97,1396,2,1,1,1,8900000000,"شهر زیبا"
106,1397,2,1,1,1,10800000000,"جنت‌آباد مرکزی"
115,1400,2,1,1,1,13800000000,"جنت‌آباد شمالی"
86,1402,2,1,1,1,6800000000,"تهرانپارس شرقی"
114,1391,2,1,1,1,11350000000,شمس‌آباد
117,1401,3,1,1,1,8200000000,"استاد معین"
87,1393,2,1,1,1,9350000000,شادمهر
109,1399,2,1,0,1,8600000000,"چهارصد دستگاهکنارگذر پیروزی (کنارگذر پیروزی)"
153,1400,3,1,1,1,18000000000,پونک
275,1392,3,1,1,1,41000000000,فرمانیه
180,1400,3,1,1,1,40000000000,نیاوران
80,1376,2,0,1,0,3400000000,امیریه
91,1393,2,1,1,1,8650000000,"جنت‌آباد جنوبی"
48,1383,1,0,1,0,3149000000,جیحون
72,1401,1,1,1,1,11390000000,جردن
81,1395,2,1,1,1,4690000000,سلیمانی
75,1387,2,0,1,1,5500000000,"آبشار تهران"
99,1395,2,1,1,1,11200000000,"باغ فیض"
94,1392,2,1,1,1,10500000000,"جنت‌آباد جنوبی"
98,1397,2,1,1,1,10000000000,پونک
140,1401,1,1,1,1,25500000000,"شهرک غرببلوار دریا (بلوار پاکنژاد)"
135,1401,3,1,1,1,27000000000,محمودیه
95,1402,2,1,1,1,7950000000,ستارخان
165,1402,3,1,1,1,24750000000,"سازمان برنامهخیابان سازمان برنامه شمالی (ب. علامه جعفری)"
96,1399,3,1,1,1,7200000000,زنجان
48,1380,1,0,1,0,2400000000,سلسبیل
125,1390,3,1,1,1,13200000000,پونک
103,1402,2,1,1,1,13390000000,پاسداران
112,1394,2,1,1,1,6550000000,"دریاچه شهدای خلیج فارس"
117,1385,3,1,1,0,10900000000,"جنت‌آباد شمالی"
131,1392,3,1,1,1,15000000000,"جنت‌آباد شمالی"
132,1384,3,1,1,0,12350000000,"جنت‌آباد شمالی"
150,1401,3,1,1,1,13850000000,"دریاچه شهدای خلیج فارس"
155,1384,3,1,1,1,23000000000,نیاوران
122,1401,2,1,1,1,14000000000,"تهرانپارس غربی"
117,1396,2,1,1,1,9950000000,"جنت‌آباد مرکزی"
107,1390,2,1,1,1,9680000000,"جنت‌آباد مرکزی"
120,1401,2,1,1,1,16800000000,هروی
183,1401,3,1,1,1,20000000000,پاسداران
80,1399,2,1,1,1,10000000000,سهروردی
100,1401,2,1,1,1,2400000000,"دریاچه شهدای خلیج فارس"
143,1401,3,1,1,1,20100000000,پونک
90,1382,2,1,1,0,13000000000,فرمانیه
50,1389,1,1,1,1,5000000000,"کوی فردوسخیابان سازمان برنامه مرکزی (ب. علامه جعفری)"
100,1401,2,1,1,1,1100000000,چیتگر
250,1400,3,1,1,1,50000000000,دروس
74,1397,2,1,1,1,8760000000,"شهرک نفت (منطقه ۵)"
65,1399,1,0,1,1,0,"مبارک‌آباد بهشتی"
60,1385,1,1,1,0,5200000000,"کوی فردوس"
102,1402,2,1,1,1,5100000000,"شهر زیبا"
140,1401,3,1,1,1,23000000000,"اقدسیهخیابان گلزار"
168,1402,3,1,1,1,27000000000,"شهرک راه‌آهن"
90,1400,2,1,1,1,2340000000,"مبارک‌آباد بهشتی"
106,1402,2,1,1,1,14000000000,"سازمان برنامه"
144,1398,3,1,1,1,18300000000,"پونکبلوار فلاح زاده (همیلا) (بلوار میرزابابایی)"
50,1401,1,0,1,1,1450000000,"مبارک‌آباد بهشتی"
100,1395,2,1,1,1,7700000000,"دریاچه شهدای خلیج فارس"
152,1401,3,1,1,1,35500000000,پاسداران
53,1383,1,0,1,0,2650000000,سلیمانی
111,1402,2,1,1,1,20250000000,مرزداران
100,1391,2,1,1,1,14500000000,مرزداران
300,1390,4,1,1,1,110000000000,الهیه
110,1393,2,1,1,1,16000000000,مرزداران
219,1401,4,1,1,1,35000000000,مرزداران
245,1400,4,1,1,1,34000000000,مرزداران
131,1396,3,1,1,1,20150000000,مرزداران
209,1399,3,1,1,1,33000000000,مرزداران
165,1396,3,1,1,1,27500000000,مرزداران
63,1387,2,1,1,0,8300000000,پونک
141,1402,3,1,1,1,19500000000,"کوی فردوس"
64,1380,2,1,1,0,2980000000,سلیمانی
96,1402,2,1,1,1,3500000000,"شهر زیبا"
130,1385,2,1,1,1,19200000000,سعادت‌آباد
118,1400,3,1,1,1,12600000000,"جنت‌آباد جنوبیمیدان چهار باغ (بلوار جنت آباد جنوبی)"
50,1395,1,1,1,1,3500000000,"امامزاده حسن(ع)"
200,1401,3,1,1,1,41800000000,فرمانیه
175,1401,3,1,1,1,33000000000,سعادت‌آباد
118,1401,2,1,1,1,12980000000,"دریاچه شهدای خلیج فارس"
280,1390,4,1,1,1,46000000000,دروس
38,1384,1,0,1,0,1896000000,بریانک
155,1388,3,1,1,1,22950000000,"دروسمیدان هدایت (خیابان هدایت)"
83,1401,2,0,1,1,6000000000,سلسبیل
90,1398,2,1,0,1,5000000000,جی
35,1380,1,0,1,0,2370000000,جیحون
35,1377,1,0,1,0,2350000000,سلسبیل
43,1374,1,0,1,0,2550000000,سلسبیل
107,1401,2,1,1,1,1850000000,"شهرک راه‌آهن"
60,1402,1,1,1,1,12000000000,میرداماد
115,1401,2,1,1,1,8500000000,آذربایجان
98,1397,2,1,1,1,7100000000,"استاد معین"
42,1396,1,1,1,1,3700000000,طوس
92,1401,2,1,1,1,5200000000,جی
74,1386,2,0,0,0,3900000000,"خانی‌آباد نو"
207,1382,3,1,1,1,21500000000,"دروسخیابان آقامیری (خ. شهید کلاهدوز)"
112,1393,2,0,0,1,8700000000,"پونکبلوار عدل شمالی (بزرگراه آبشناسان)"
164,1402,3,1,1,1,23000000000,یوسف‌آباد
140,1402,3,1,1,1,23000000000,اراج
175,1401,3,1,1,1,21000000000,فرمانیه
193,1402,3,1,1,1,25090000000,"تهرانپارس غربی"
66,1393,2,0,1,1,7500000000,"گیشا (کوی نصر)"
81,1397,2,1,1,1,15500000000,"امانیهبلوار نلسون ماندلا"
60,1395,1,1,1,1,6250000000,"جنت‌آباد شمالی"
73,1397,2,1,0,1,3970000000,فلاح
187,1392,3,1,1,1,31000000000,زعفرانیه
156,1384,3,1,1,1,12900000000,الهیه
152,1396,3,1,1,1,20000000000,"هزارسنگخیابان ولنجک"
114,1398,2,1,1,1,11200000000,"شهر زیبا"
68,1388,2,1,0,1,6900000000,"جنت‌آباد جنوبی"
112,1392,2,1,1,1,15500000000,امیرآباد
53,1382,1,0,1,0,4600000000,شاهین
130,1398,3,1,1,1,16100000000,پاسداران
90,1373,2,0,0,0,5450000000,"جیحونخیابان جیحون (خیابان هاشمی)"
95,1385,2,1,1,0,8000000000,درکه
121,1395,3,1,1,1,14000000000,"جنت‌آباد مرکزی"
120,1401,3,1,1,1,8000000000,سلامت
111,1393,2,0,0,1,8600000000,پونک
110,1387,3,1,1,1,15300000000,"سعادت‌آبادخیابان آسمان (بلوار سرو غربی)"
55,1396,1,1,1,1,4250000000,کاشانک
100,1401,2,1,1,1,800000000,چیتگر
86,1375,2,0,1,0,5985000000,"ستارخانخیابان بهبودی (خیابان آزادی)"
72,1388,2,1,1,1,9700000000,سعادت‌آباد
70,1385,2,1,0,1,4260000000,تهران‌سر
66,1393,2,1,1,1,7150000000,ستارخان
79,1396,2,1,1,1,4950000000,"استاد معین"
101,1392,2,1,1,1,15000000000,اباذر
585,1385,5,1,1,1,147000000000,زعفرانیه
120,1401,3,1,1,1,1800000000,"دریاچه شهدای خلیج فارس"
126,1390,2,1,1,1,18000000000,زعفرانیه
169,1401,3,1,1,1,50700000000,زعفرانیه
364,1401,4,1,1,1,129000000000,"سعادت‌آبادخیابان مروارید (بلوار سرو غربی)"
130,1401,3,1,1,1,21600000000,"سهروردیکوچه ایازی (خ. صابونچی)"
181,1401,3,1,1,1,22263000000,هروی
76,1380,1,0,1,0,3350000000,هاشمی
165,1387,3,1,1,1,15500000000,"شهران شمالی"
147,1400,3,1,1,1,17640000000,نارمک
103,1401,2,1,1,1,12950000000,هروی
93,1395,2,1,1,1,6600000000,آذربایجان
70,1401,2,1,1,1,5800000000,"زنجانخیابان دامپزشکی (ب. آیت الله سعیدی)"
90,1385,2,1,1,1,9300000000,پونک
118,1401,2,1,1,1,12900000000,"سعادت‌آبادبلوار سعادت آباد (بزرگراه یادگار امام)"
50,1397,1,0,1,1,3000000000,عارف
72,1382,2,1,1,0,6950000000,"شهران شمالی"
183,1401,3,1,1,1,32900000000,"گیشا (کوی نصر)"
112,1401,2,1,1,1,1650000000,"شهرک راه‌آهن"
184,1401,3,1,1,1,32000000000,"گیشا (کوی نصر)"
62,1400,1,1,1,1,11800000000,"گیشا (کوی نصر)"
94,1396,2,1,1,1,14100000000,"گیشا (کوی نصر)"
150,1395,3,1,1,1,20000000000,ظفر
120,1401,2,1,1,1,21000000000,سعادت‌آباد
64,1386,2,0,1,0,1950000000,کاروان
60,1382,1,1,1,0,2220000000,کاروان
45,1382,1,1,0,0,1550000000,کاروان
40,1382,1,0,1,1,1620000000,کاروان
162,1390,3,1,1,1,24300000000,"گیشا (کوی نصر)"
80,1382,2,1,1,0,3200000000,مولوی
74,1382,2,1,1,0,4600000000,آذربایجان
63,1401,2,1,1,1,4000000000,"جابریخیابان درودیان (خ. شکوفه)"
118,1375,2,1,1,0,9000000000,توحید
102,1401,2,1,1,1,14280000000,پاسداران
55,1396,1,1,1,1,1650000000,"اندیشه (شهر زیبا)"
119,1398,2,1,1,1,9500000000,چیتگر
390,1396,5,1,1,1,33000000000,"چیتگرخیابان علیمرادی (کوهک) (بزرگراه شهید فهمیده)"
117,1396,3,1,1,1,14700000000,اباذر
62,1394,1,0,0,1,2890000000,"شهرک کیانشهر"
116,1401,2,1,1,1,15000000000,زرگنده
54,1381,2,1,1,0,5300000000,پونک
90,1381,2,1,1,1,7350000000,اباذر
47,1380,1,1,1,0,3500000000,گرگان
64,1380,2,0,0,0,3100000000,آبشار
65,1399,1,1,1,1,4100000000,جیحون
95,1393,2,1,1,1,13500000000,سعادت‌آباد
100,1370,2,0,1,0,6000000000,سلسبیل
63,1384,1,1,0,1,6000000000,"شهران شمالی"
195,1375,3,1,1,0,24000000000,"شهرک غرب"
55,1395,1,1,1,1,2300000000,"اندیشه (شهر زیبا)"
116,1401,2,1,1,1,14000000000,یوسف‌آباد
100,1401,2,1,1,1,12500000000,ظفر
115,1402,2,1,1,1,13800000000,"جنت‌آباد مرکزی"
65,1385,2,1,1,0,4300000000,جیحون
89,1388,2,1,1,1,8455000000,مرزداران
50,1383,1,1,1,1,1800000000,"ظهیرآبادخطی میدان سپاه سه راه معلم"
131,1397,3,1,1,1,13200000000,"سازمان برنامهکوچه سازمان برنامه جنوبی (بلوار ناصر حجازی)"
145,1391,3,1,1,1,13000000000,"کوی فردوسبلوار فردوس (ب. ستاری)"
110,1397,2,1,1,1,15900000000,مرزداران
85,1395,2,1,1,1,10500000000,دارآباد
100,1401,2,1,1,1,4000000000,چیتگر
150,1384,3,1,1,0,16000000000,چیتگر
81,1392,2,1,1,1,8500000000,پونک
41,1381,1,1,0,1,3000000000,سلسبیل
106,1387,2,1,1,0,10200000000,"ازگلمیدان گلچین (خیابان عیوض خانی)"
280,1396,4,1,1,1,47000000000,دروس
198,1401,3,1,1,1,51400000000,دروس
75,1394,2,1,1,1,8400000000,"سازمان برنامه"
119,1380,2,1,1,0,13900000000,"شهرک غرب"
68,1401,2,1,1,1,1734000000,"شهرک صدرا"
68,1391,1,1,1,1,7550000000,"جنت‌آباد جنوبی"
180,1401,3,1,1,1,47000000000,زعفرانیه
106,1402,2,1,1,1,6100000000,"وردآوردخیابان گلزار"
69,1396,1,1,1,1,6090000000,"شهران شمالی"
51,1389,2,1,1,0,3500000000,جیحون
330,1386,4,1,1,1,70000000000,الهیه
65,1385,2,1,1,0,4150000000,جیحون
75,1398,2,1,1,1,2175000000,دیلمان
85,1401,2,1,1,1,2295000000,"مبارک‌آباد بهشتی"
80,1394,2,1,0,1,5200000000,"بریانکخیابان نیکفر (خ. بریانک)"
127,1381,2,0,1,0,8400000000,"تهرانپارس غربی"
230,1401,3,1,1,1,71000000000,زعفرانیه
75,1384,2,1,1,0,6420000000,پونک
115,1388,2,1,1,1,14000000000,میرداماد
76,1395,2,1,1,1,3230000000,"سیزده آبان"
77,1400,2,1,1,1,2310000000,"مبارک‌آباد بهشتی"
42,1390,1,0,1,0,2100000000,جیحون
255,1385,4,1,1,1,34000000000,"نیاورانمیدان خبیر (خیابان شفیعی)"
65,1396,1,0,1,1,6400000000,پونک
60,1388,1,1,1,1,5250000000,"باغ فیض"
92,1392,2,1,1,1,9580000000,شاهین
88,1395,2,1,1,1,9800000000,"جنت‌آباد مرکزی"
88,1393,2,1,1,1,10400000000,"جنت‌آباد مرکزی"
80,1385,2,1,1,0,8000000000,"شهرک پرواز"
91,1385,2,1,1,0,8100000000,"جنت‌آباد شمالی"
203,1402,3,1,1,1,47000000000,پاسداران
40,1383,1,0,1,0,3500000000,سلسبیل
96,1396,2,1,1,1,8900000000,"کوی فردوس"
68,1387,2,0,1,0,5137500000,"پیروزیخیابان نبرد (کنارگذر پیروزی)"
51,1395,1,1,1,0,2350000000,"فلاحخیابان احمدی (فریدون احمدی)"
325,1385,4,1,1,1,54000000000,دروس
226,1389,3,1,1,1,45000000000,الهیه
110,1402,3,1,1,1,8550000000,"شهر زیبا"
90,1392,2,1,1,1,7750000000,"سازمان آب"
80,1402,2,1,1,1,6200000000,جیحون
170,1398,3,1,1,1,25000000000,میرداماد
135,1390,3,1,1,1,14700000000,"کوی فردوسخیابان مالکی (بلوار فردوس)"
160,1371,3,1,1,1,16000000000,توانیر
150,1400,3,1,1,1,16550000000,"جنت‌آباد شمالی"
175,1388,3,1,1,1,30000000000,زعفرانیه
46,1392,1,0,1,1,1900000000,"یافت‌آبادکوچه خدابخشی (خ. حسن زندیه)"
75,1386,2,1,1,1,7900000000,اباذر
231,1399,3,1,1,1,54000000000,"زعفرانیهخیابان علی حسینی"
140,1389,2,1,1,1,22400000000,"زعفرانیهخیابان علی حسینی"
55,1393,1,0,1,1,3500000000,جیحون
140,1402,3,1,1,1,16100000000,پونک
74,1394,2,0,0,1,4200000000,افسریه
181,1387,4,1,1,1,15300000000,"شهران شمالی"
130,1391,3,1,1,1,14500000000,"کوی فردوسخیابان سلیمی جهرمی (بلوار فردوس)"
58,1382,1,0,1,1,3500000000,"تهرانپارس غربی"
185,1388,3,1,1,1,21275000000,"جنت‌آباد جنوبی"
90,1393,2,1,1,1,8000000000,"سازمان برنامه"
100,1401,2,1,1,1,12000000000,"شهران شمالی"
76,1385,2,1,1,1,7750000000,"سازمان برنامه"
